{"0|0|-1|-1|0":{"up":0,"down":0,"none":0},"6|0|1|-1|6":{"up":0,"down":0,"none":0},"2|4|-1|1|5":{"up":0,"down":0,"none":0},"0|5|-1|-1|4":{"up":0,"down":0,"none":0},"2|2|1|-1|4":{"up":0.1,"down":0,"none":0},"2|2|1|-1|3":{"up":0,"down":0,"none":0},"4|0|1|-1|3":{"up":0,"down":0,"none":0},"4|0|1|-1|2":{"up":0,"down":0,"none":0},"6|1|1|1|2":{"up":0.1,"down":0,"none":0},"3|4|-1|1|1":{"up":0,"down":0,"none":0},"0|5|-1|-1|1":{"up":0,"down":0,"none":0},"1|3|1|-1|0":{"up":0,"down":0,"none":0},"3|1|1|-1|0":{"up":0,"down":0,"none":0},"6|1|1|1|0":{"up":0,"down":0,"none":0},"4|2|1|-1|0":{"up":0,"down":0,"none":0},"7|0|1|1|0":{"up":1.3081363613254755,"down":0,"none":0},"6|2|-1|1|0":{"up":0,"down":0,"none":0},"4|4|-1|1|0":{"up":0,"down":0,"none":0},"1|5|-1|-1|0":{"up":0,"down":0,"none":0},"0|2|1|-1|0":{"up":0,"down":0,"none":0},"2|0|1|-1|0":{"up":0.6793465209301001,"down":0.1267309,"none":0.14410895509000002},"5|1|1|1|0":{"up":0,"down":0,"none":0},"7|4|1|1|0":{"up":-0.09,"down":-0.1,"none":0},"2|4|-1|1|0":{"up":0,"down":0,"none":0},"0|4|1|-1|0":{"up":0,"down":0,"none":0},"2|2|1|-1|0":{"up":0,"down":0,"none":0},"4|0|1|-1|0":{"up":1.7383137616441333,"down":0,"none":0.17783447726472323},"7|2|1|1|0":{"up":-0.19135172474836412,"down":-0.28689301940419,"none":-0.09509900499000001},"0|5|-1|-1|0":{"up":0,"down":0,"none":0},"2|1|-1|-1|0":{"up":0,"down":0,"none":0},"0|0|-1|1|0":{"up":0,"down":0,"none":0},"2|3|1|1|0":{"up":0,"down":0,"none":0},"4|5|1|1|0":{"up":0,"down":0,"none":0},"6|4|1|-1|0":{"up":0,"down":0,"none":0},"5|4|1|1|0":{"up":0,"down":0,"none":0},"7|5|1|-1|0":{"up":-0.1,"down":0,"none":0},"4|3|1|1|0":{"up":0,"down":0,"none":0},"6|5|1|1|0":{"up":0,"down":0,"none":0},"4|5|1|1|1":{"up":0,"down":0,"none":0},"6|4|1|-1|1":{"up":0,"down":0,"none":0},"5|1|1|-1|0":{"up":0.18924701993010004,"down":0,"none":0},"5|2|-1|1|0":{"up":0,"down":0,"none":0},"3|5|-1|1|0":{"up":0,"down":0,"none":0},"1|4|-1|-1|0":{"up":0,"down":0,"none":0},"1|2|1|-1|0":{"up":0,"down":0,"none":0},"3|0|1|1|0":{"up":0.9561792499119552,"down":0,"none":0},"5|2|1|1|0":{"up":0,"down":0,"none":0},"3|2|-1|-1|0":{"up":0,"down":0,"none":0},"1|0|-1|-1|0":{"up":0,"down":0,"none":0},"0|1|1|1|0":{"up":0.17728592772576846,"down":0,"none":0},"3|3|1|1|0":{"up":0,"down":0,"none":0},"5|5|1|-1|0":{"up":0,"down":0,"none":0},"7|3|1|-1|0":{"up":-0.09,"down":-0.1,"none":-0.1},"5|5|1|1|0":{"up":0,"down":0,"none":0},"3|3|-1|1|0":{"up":0,"down":0,"none":0},"4|1|1|-1|0":{"up":0,"down":0,"none":0},"1|5|-1|1|0":{"up":0,"down":0,"none":0},"5|0|1|1|0":{"up":1.820930624027692,"down":0.4804920917734011,"none":0.16952977501487193},"1|1|1|1|0":{"up":0,"down":0,"none":0},"3|4|1|1|0":{"up":0,"down":0,"none":0},"0|4|-1|-1|0":{"up":0,"down":0,"none":0},"6|0|1|-1|0":{"up":1.820930624027692,"down":0,"none":0},"6|1|-1|1|0":{"up":0,"down":0,"none":0},"2|5|-1|-1|0":{"up":0,"down":0,"none":0},"0|3|-1|-1|0":{"up":0,"down":0,"none":0},"2|1|1|-1|0":{"up":0,"down":0,"none":0},"4|1|1|1|0":{"up":0,"down":0,"none":0},"6|3|1|1|0":{"up":0,"down":0,"none":0},"0|0|1|1|0":{"up":0.29701,"down":0,"none":0.1267309},"1|2|1|1|0":{"up":0,"down":0,"none":0},"6|5|1|-1|0":{"up":0,"down":0,"none":0},"7|1|-1|1|0":{"up":0,"down":0,"none":0},"4|3|-1|1|0":{"up":0,"down":0,"none":0},"0|3|1|-1|0":{"up":0,"down":0,"none":0},"7|3|1|1|0":{"up":0,"down":0,"none":0},"4|4|1|1|0":{"up":0,"down":0,"none":0},"7|4|1|-1|0":{"up":-0.1,"down":0,"none":0},"5|3|-1|1|0":{"up":0,"down":0,"none":0},"2|5|-1|1|0":{"up":0,"down":0,"none":0},"1|1|1|-1|0":{"up":0,"down":0,"none":0},"6|2|1|1|0":{"up":0,"down":0,"none":0},"2|2|1|1|0":{"up":0,"down":0,"none":0},"1|0|-1|1|0":{"up":0,"down":0,"none":0},"7|0|-1|1|0":{"up":0,"down":0,"none":0},"5|4|1|1|1":{"up":0,"down":0,"none":0},"4|3|1|1|1":{"up":0,"down":0,"none":0},"3|4|-1|1|0":{"up":0,"down":0,"none":0},"3|0|1|-1|0":{"up":0.490099501,"down":0,"none":0},"4|2|1|-1|1":{"up":0,"down":0,"none":0},"6|0|1|-1|1":{"up":0,"down":0,"none":0},"4|0|1|1|0":{"up":0.3940399,"down":0.13546359100000002,"none":0},"4|3|1|-1|0":{"up":0,"down":0,"none":0},"7|5|1|-1|1":{"up":0,"down":0,"none":0},"5|1|1|-1|1":{"up":0.1,"down":0,"none":0},"6|1|1|-1|0":{"up":0.1,"down":0,"none":0}}